Size,Type,Time
100000,Sequential,0.030371
100000,Parallel,0.094716
100000,Built-in,0.034608
100000,Sequential,0.028272
100000,Parallel,0.049848
100000,Built-in,0.033347
100000,Sequential,0.029304
100000,Parallel,0.063929
100000,Built-in,0.033853
100000,Sequential,0.029382
100000,Parallel,0.049992
100000,Built-in,0.03417
100000,Sequential,0.028961
100000,Parallel,0.044603
100000,Built-in,0.034095
100000,Sequential,0.028282
100000,Parallel,0.049307
100000,Built-in,0.033669
100000,Sequential,0.034615
100000,Parallel,0.042164
100000,Built-in,0.032727
100000,Sequential,0.028941
100000,Parallel,0.038685
100000,Built-in,0.033488
100000,Sequential,0.03158
100000,Parallel,0.048718
100000,Built-in,0.034304
100000,Sequential,0.031055
100000,Parallel,0.071657
100000,Built-in,0.03431
100000,Sequential,0.031686
100000,Parallel,0.071806
100000,Built-in,0.034797
100000,Sequential,0.030936
100000,Parallel,0.085422
100000,Built-in,0.035585
100000,Sequential,0.030961
100000,Parallel,0.057162
100000,Built-in,0.033288
100000,Sequential,0.030809
100000,Parallel,0.064196
100000,Built-in,0.033978
100000,Sequential,0.031999
100000,Parallel,0.062097
100000,Built-in,0.033042
100000,Sequential,0.031545
100000,Parallel,0.065283
100000,Built-in,0.033864
100000,Sequential,0.030826
100000,Parallel,0.087008
100000,Built-in,0.033335
100000,Sequential,0.030384
100000,Parallel,0.0872
100000,Built-in,0.035254
100000,Sequential,0.030825
100000,Parallel,0.101323
100000,Built-in,0.034124
100000,Sequential,0.031651
100000,Parallel,0.077292
100000,Built-in,0.033562
100000,Sequential,0.029926
100000,Parallel,0.073334
100000,Built-in,0.03377
100000,Sequential,0.031152
100000,Parallel,0.100864
100000,Built-in,0.034227
100000,Sequential,0.040698
100000,Parallel,0.074455
100000,Built-in,0.033732
100000,Sequential,0.028687
100000,Parallel,0.064248
100000,Built-in,0.034328
100000,Sequential,0.030101
100000,Parallel,0.086893
100000,Built-in,0.033804
100000,Sequential,0.028682
100000,Parallel,0.073265
100000,Built-in,0.033709
100000,Sequential,0.029508
100000,Parallel,0.065446
100000,Built-in,0.035349
100000,Sequential,0.029883
100000,Parallel,0.065646
100000,Built-in,0.033255
100000,Sequential,0.02927
100000,Parallel,0.095324
100000,Built-in,0.033708
100000,Sequential,0.039838
100000,Parallel,0.073215
100000,Built-in,0.035226
100000,Sequential,0.029247
100000,Parallel,0.085667
100000,Built-in,0.035127
100000,Sequential,0.042286
100000,Parallel,0.094169
100000,Built-in,0.033926
100000,Sequential,0.028598
100000,Parallel,0.077944
100000,Built-in,0.033979
100000,Sequential,0.028788
100000,Parallel,0.084621
100000,Built-in,0.034102
100000,Sequential,0.028344
100000,Parallel,0.083633
100000,Built-in,0.03399
100000,Sequential,0.029774
100000,Parallel,0.084949
100000,Built-in,0.034284
100000,Sequential,0.029092
100000,Parallel,0.115218
100000,Built-in,0.033775
100000,Sequential,0.029394
100000,Parallel,0.107669
100000,Built-in,0.03596
100000,Sequential,0.03007
100000,Parallel,0.075238
100000,Built-in,0.033696
100000,Sequential,0.030025
100000,Parallel,0.074146
100000,Built-in,0.034705
100000,Sequential,0.029239
100000,Parallel,0.089079
100000,Built-in,0.03326
100000,Sequential,0.029518
100000,Parallel,0.070785
100000,Built-in,0.038893
100000,Sequential,0.02844
100000,Parallel,0.070624
100000,Built-in,0.033154
100000,Sequential,0.040676
100000,Parallel,0.070099
100000,Built-in,0.034764
100000,Sequential,0.028289
100000,Parallel,0.072463
100000,Built-in,0.033854
100000,Sequential,0.028893
100000,Parallel,0.087864
100000,Built-in,0.034254
100000,Sequential,0.028551
100000,Parallel,0.078271
100000,Built-in,0.036576
100000,Sequential,0.03231
100000,Parallel,0.080442
100000,Built-in,0.033583
100000,Sequential,0.029335
100000,Parallel,0.066971
100000,Built-in,0.034163
100000,Sequential,0.028381
100000,Parallel,0.104155
100000,Built-in,0.033309
200000,Sequential,0.063501
200000,Parallel,0.112448
200000,Built-in,0.071119
200000,Sequential,0.061267
200000,Parallel,0.095222
200000,Built-in,0.07461
200000,Sequential,0.064667
200000,Parallel,0.097839
200000,Built-in,0.07027
200000,Sequential,0.059394
200000,Parallel,0.098099
200000,Built-in,0.069076
200000,Sequential,0.059262
200000,Parallel,0.106223
200000,Built-in,0.070014
200000,Sequential,0.060044
200000,Parallel,0.076124
200000,Built-in,0.070527
200000,Sequential,0.060917
200000,Parallel,0.148127
200000,Built-in,0.070052
200000,Sequential,0.060731
200000,Parallel,0.097788
200000,Built-in,0.07167
200000,Sequential,0.063359
200000,Parallel,0.092647
200000,Built-in,0.070702
200000,Sequential,0.060581
200000,Parallel,0.097087
200000,Built-in,0.075322
200000,Sequential,0.060173
200000,Parallel,0.106174
200000,Built-in,0.070259
200000,Sequential,0.060736
200000,Parallel,0.086855
200000,Built-in,0.070025
200000,Sequential,0.060718
200000,Parallel,0.088605
200000,Built-in,0.071713
200000,Sequential,0.061319
200000,Parallel,0.084569
200000,Built-in,0.078209
200000,Sequential,0.060685
200000,Parallel,0.092297
200000,Built-in,0.07008
200000,Sequential,0.060844
200000,Parallel,0.105997
200000,Built-in,0.072516
200000,Sequential,0.059556
200000,Parallel,0.107587
200000,Built-in,0.070231
200000,Sequential,0.060832
200000,Parallel,0.106604
200000,Built-in,0.071315
200000,Sequential,0.060311
200000,Parallel,0.126254
200000,Built-in,0.070815
200000,Sequential,0.061552
200000,Parallel,0.107649
200000,Built-in,0.070831
200000,Sequential,0.063593
200000,Parallel,0.107954
200000,Built-in,0.074511
200000,Sequential,0.061552
200000,Parallel,0.088008
200000,Built-in,0.070411
200000,Sequential,0.062716
200000,Parallel,0.089313
200000,Built-in,0.078096
200000,Sequential,0.06044
200000,Parallel,0.10798
200000,Built-in,0.070588
200000,Sequential,0.06468
200000,Parallel,0.119012
200000,Built-in,0.07027
200000,Sequential,0.06216
200000,Parallel,0.128448
200000,Built-in,0.070958
200000,Sequential,0.062536
200000,Parallel,0.11415
200000,Built-in,0.07123
200000,Sequential,0.059111
200000,Parallel,0.10496
200000,Built-in,0.071805
200000,Sequential,0.060474
200000,Parallel,0.108423
200000,Built-in,0.071654
200000,Sequential,0.058744
200000,Parallel,0.090793
200000,Built-in,0.075516
200000,Sequential,0.058585
200000,Parallel,0.097552
200000,Built-in,0.070544
200000,Sequential,0.059629
200000,Parallel,0.094546
200000,Built-in,0.070511
200000,Sequential,0.061318
200000,Parallel,0.093763
200000,Built-in,0.078004
200000,Sequential,0.060286
200000,Parallel,0.117262
200000,Built-in,0.071446
200000,Sequential,0.061591
200000,Parallel,0.094853
200000,Built-in,0.069904
200000,Sequential,0.06086
200000,Parallel,0.084942
200000,Built-in,0.069462
200000,Sequential,0.064683
200000,Parallel,0.083033
200000,Built-in,0.070452
200000,Sequential,0.060444
200000,Parallel,0.083344
200000,Built-in,0.0721
200000,Sequential,0.062063
200000,Parallel,0.0878
200000,Built-in,0.079091
200000,Sequential,0.059943
200000,Parallel,0.093356
200000,Built-in,0.070839
200000,Sequential,0.061593
200000,Parallel,0.105078
200000,Built-in,0.069046
200000,Sequential,0.060665
200000,Parallel,0.101124
200000,Built-in,0.074318
200000,Sequential,0.062144
200000,Parallel,0.12192
200000,Built-in,0.070485
200000,Sequential,0.061141
200000,Parallel,0.098717
200000,Built-in,0.069569
200000,Sequential,0.063304
200000,Parallel,0.124772
200000,Built-in,0.074368
200000,Sequential,0.060318
200000,Parallel,0.1196
200000,Built-in,0.073178
200000,Sequential,0.061343
200000,Parallel,0.100869
200000,Built-in,0.070599
200000,Sequential,0.058411
200000,Parallel,0.082081
200000,Built-in,0.070909
200000,Sequential,0.070004
200000,Parallel,0.089813
200000,Built-in,0.069218
200000,Sequential,0.059723
200000,Parallel,0.096857
200000,Built-in,0.070385
300000,Sequential,0.094739
300000,Parallel,0.127416
300000,Built-in,0.110747
300000,Sequential,0.098899
300000,Parallel,0.136362
300000,Built-in,0.109457
300000,Sequential,0.101439
300000,Parallel,0.111571
300000,Built-in,0.106814
300000,Sequential,0.097796
300000,Parallel,0.121724
300000,Built-in,0.109525
300000,Sequential,0.111177
300000,Parallel,0.120705
300000,Built-in,0.109674
300000,Sequential,0.092418
300000,Parallel,0.130582
300000,Built-in,0.110818
300000,Sequential,0.104167
300000,Parallel,0.108774
300000,Built-in,0.10636
300000,Sequential,0.093406
300000,Parallel,0.123679
300000,Built-in,0.108779
300000,Sequential,0.097708
300000,Parallel,0.119375
300000,Built-in,0.11167
300000,Sequential,0.092755
300000,Parallel,0.113293
300000,Built-in,0.107449
300000,Sequential,0.094188
300000,Parallel,0.11954
300000,Built-in,0.106757
300000,Sequential,0.092806
300000,Parallel,0.121547
300000,Built-in,0.109053
300000,Sequential,0.105355
300000,Parallel,0.130901
300000,Built-in,0.113248
300000,Sequential,0.092508
300000,Parallel,0.124524
300000,Built-in,0.109355
300000,Sequential,0.093403
300000,Parallel,0.119862
300000,Built-in,0.107078
300000,Sequential,0.095869
300000,Parallel,0.119774
300000,Built-in,0.110571
300000,Sequential,0.105939
300000,Parallel,0.124751
300000,Built-in,0.111388
300000,Sequential,0.09545
300000,Parallel,0.117122
300000,Built-in,0.108406
300000,Sequential,0.092853
300000,Parallel,0.111163
300000,Built-in,0.113273
300000,Sequential,0.093696
300000,Parallel,0.113611
300000,Built-in,0.107006
300000,Sequential,0.095092
300000,Parallel,0.105344
300000,Built-in,0.114325
300000,Sequential,0.094697
300000,Parallel,0.118829
300000,Built-in,0.11091
300000,Sequential,0.095028
300000,Parallel,0.134722
300000,Built-in,0.107251
300000,Sequential,0.094273
300000,Parallel,0.12922
300000,Built-in,0.108149
300000,Sequential,0.097933
300000,Parallel,0.135302
300000,Built-in,0.107587
300000,Sequential,0.097601
300000,Parallel,0.130479
300000,Built-in,0.110583
300000,Sequential,0.098498
300000,Parallel,0.113731
300000,Built-in,0.108131
300000,Sequential,0.101976
300000,Parallel,0.112621
300000,Built-in,0.107152
300000,Sequential,0.098333
300000,Parallel,0.1205
300000,Built-in,0.107695
300000,Sequential,0.0983
300000,Parallel,0.117708
300000,Built-in,0.110495
300000,Sequential,0.093818
300000,Parallel,0.11835
300000,Built-in,0.11084
300000,Sequential,0.129301
300000,Parallel,0.139094
300000,Built-in,0.106368
300000,Sequential,0.096401
300000,Parallel,0.121185
300000,Built-in,0.110842
300000,Sequential,0.096566
300000,Parallel,0.129892
300000,Built-in,0.108931
300000,Sequential,0.096581
300000,Parallel,0.131697
300000,Built-in,0.111665
300000,Sequential,0.09307
300000,Parallel,0.134296
300000,Built-in,0.112196
300000,Sequential,0.096709
300000,Parallel,0.127919
300000,Built-in,0.114009
300000,Sequential,0.093243
300000,Parallel,0.13158
300000,Built-in,0.110386
300000,Sequential,0.094597
300000,Parallel,0.123966
300000,Built-in,0.106252
300000,Sequential,0.093629
300000,Parallel,0.138623
300000,Built-in,0.108456
300000,Sequential,0.095988
300000,Parallel,0.129812
300000,Built-in,0.112046
300000,Sequential,0.093019
300000,Parallel,0.131457
300000,Built-in,0.110196
300000,Sequential,0.110113
300000,Parallel,0.127191
300000,Built-in,0.111415
300000,Sequential,0.097688
300000,Parallel,0.111999
300000,Built-in,0.108634
300000,Sequential,0.098342
300000,Parallel,0.124325
300000,Built-in,0.109128
300000,Sequential,0.094039
300000,Parallel,0.122603
300000,Built-in,0.109248
300000,Sequential,0.106578
300000,Parallel,0.128379
300000,Built-in,0.106968
300000,Sequential,0.092704
300000,Parallel,0.123104
300000,Built-in,0.108855
300000,Sequential,0.101327
300000,Parallel,0.111573
300000,Built-in,0.11328
300000,Sequential,0.092988
300000,Parallel,0.105195
300000,Built-in,0.108528
400000,Sequential,0.140064
400000,Parallel,0.146409
400000,Built-in,0.146771
400000,Sequential,0.127307
400000,Parallel,0.140362
400000,Built-in,0.14798
400000,Sequential,0.129307
400000,Parallel,0.157307
400000,Built-in,0.14764
400000,Sequential,0.127821
400000,Parallel,0.140397
400000,Built-in,0.147913
400000,Sequential,0.124442
400000,Parallel,0.151628
400000,Built-in,0.14721
400000,Sequential,0.12823
400000,Parallel,0.160019
400000,Built-in,0.150976
400000,Sequential,0.13043
400000,Parallel,0.147869
400000,Built-in,0.161385
400000,Sequential,0.125742
400000,Parallel,0.145121
400000,Built-in,0.147415
400000,Sequential,0.128365
400000,Parallel,0.148622
400000,Built-in,0.151432
400000,Sequential,0.129909
400000,Parallel,0.153084
400000,Built-in,0.160066
400000,Sequential,0.127496
400000,Parallel,0.149648
400000,Built-in,0.150009
400000,Sequential,0.134287
400000,Parallel,0.164424
400000,Built-in,0.151184
400000,Sequential,0.137837
400000,Parallel,0.156401
400000,Built-in,0.149637
400000,Sequential,0.135765
400000,Parallel,0.172862
400000,Built-in,0.147314
400000,Sequential,0.12404
400000,Parallel,0.15601
400000,Built-in,0.149758
400000,Sequential,0.129043
400000,Parallel,0.154983
400000,Built-in,0.148402
400000,Sequential,0.130402
400000,Parallel,0.144557
400000,Built-in,0.160115
400000,Sequential,0.12496
400000,Parallel,0.135731
400000,Built-in,0.145546
400000,Sequential,0.130344
400000,Parallel,0.152157
400000,Built-in,0.149316
400000,Sequential,0.126884
400000,Parallel,0.161541
400000,Built-in,0.156867
400000,Sequential,0.127789
400000,Parallel,0.144976
400000,Built-in,0.146547
400000,Sequential,0.129081
400000,Parallel,0.154275
400000,Built-in,0.148118
400000,Sequential,0.130409
400000,Parallel,0.144323
400000,Built-in,0.149842
400000,Sequential,0.130179
400000,Parallel,0.139334
400000,Built-in,0.146384
400000,Sequential,0.125104
400000,Parallel,0.132702
400000,Built-in,0.150774
400000,Sequential,0.128477
400000,Parallel,0.156697
400000,Built-in,0.146324
400000,Sequential,0.129144
400000,Parallel,0.149955
400000,Built-in,0.151151
400000,Sequential,0.128072
400000,Parallel,0.140144
400000,Built-in,0.149001
400000,Sequential,0.140976
400000,Parallel,0.151479
400000,Built-in,0.148657
400000,Sequential,0.133362
400000,Parallel,0.127707
400000,Built-in,0.153139
400000,Sequential,0.124388
400000,Parallel,0.13649
400000,Built-in,0.146406
400000,Sequential,0.125914
400000,Parallel,0.147907
400000,Built-in,0.149344
400000,Sequential,0.127578
400000,Parallel,0.15512
400000,Built-in,0.1877
400000,Sequential,0.125486
400000,Parallel,0.153386
400000,Built-in,0.147788
400000,Sequential,0.127065
400000,Parallel,0.171283
400000,Built-in,0.149695
400000,Sequential,0.128212
400000,Parallel,0.160072
400000,Built-in,0.160799
400000,Sequential,0.126841
400000,Parallel,0.160364
400000,Built-in,0.146502
400000,Sequential,0.128613
400000,Parallel,0.159747
400000,Built-in,0.152974
400000,Sequential,0.129559
400000,Parallel,0.14067
400000,Built-in,0.152759
400000,Sequential,0.128173
400000,Parallel,0.143804
400000,Built-in,0.14674
400000,Sequential,0.126548
400000,Parallel,0.157761
400000,Built-in,0.147642
400000,Sequential,0.126851
400000,Parallel,0.154885
400000,Built-in,0.147089
400000,Sequential,0.128747
400000,Parallel,0.170928
400000,Built-in,0.144812
400000,Sequential,0.128944
400000,Parallel,0.159222
400000,Built-in,0.14821
400000,Sequential,0.129277
400000,Parallel,0.179258
400000,Built-in,0.146619
400000,Sequential,0.126729
400000,Parallel,0.150161
400000,Built-in,0.146231
400000,Sequential,0.125114
400000,Parallel,0.148664
400000,Built-in,0.147731
400000,Sequential,0.127105
400000,Parallel,0.132937
400000,Built-in,0.152145
400000,Sequential,0.126644
400000,Parallel,0.156
400000,Built-in,0.150869
400000,Sequential,0.12513
400000,Parallel,0.146228
400000,Built-in,0.14681
500000,Sequential,0.161859
500000,Parallel,0.169535
500000,Built-in,0.209714
500000,Sequential,0.181984
500000,Parallel,0.164832
500000,Built-in,0.183816
500000,Sequential,0.158053
500000,Parallel,0.166561
500000,Built-in,0.18521
500000,Sequential,0.157881
500000,Parallel,0.153713
500000,Built-in,0.18398
500000,Sequential,0.159411
500000,Parallel,0.174798
500000,Built-in,0.184598
500000,Sequential,0.173403
500000,Parallel,0.191057
500000,Built-in,0.185813
500000,Sequential,0.161703
500000,Parallel,0.184129
500000,Built-in,0.183928
500000,Sequential,0.162207
500000,Parallel,0.165775
500000,Built-in,0.186847
500000,Sequential,0.176078
500000,Parallel,0.17119
500000,Built-in,0.187525
500000,Sequential,0.165423
500000,Parallel,0.177953
500000,Built-in,0.185964
500000,Sequential,0.163212
500000,Parallel,0.178488
500000,Built-in,0.193527
500000,Sequential,0.158079
500000,Parallel,0.168416
500000,Built-in,0.187498
500000,Sequential,0.156936
500000,Parallel,0.167173
500000,Built-in,0.185609
500000,Sequential,0.165684
500000,Parallel,0.167399
500000,Built-in,0.188419
500000,Sequential,0.164872
500000,Parallel,0.169832
500000,Built-in,0.185769
500000,Sequential,0.169091
500000,Parallel,0.184841
500000,Built-in,0.184224
500000,Sequential,0.170219
500000,Parallel,0.161453
500000,Built-in,0.19368
500000,Sequential,0.162982
500000,Parallel,0.169071
500000,Built-in,0.18531
500000,Sequential,0.163328
500000,Parallel,0.170541
500000,Built-in,0.184581
500000,Sequential,0.162578
500000,Parallel,0.158508
500000,Built-in,0.18865
500000,Sequential,0.167961
500000,Parallel,0.170647
500000,Built-in,0.188832
500000,Sequential,0.165667
500000,Parallel,0.171591
500000,Built-in,0.186335
500000,Sequential,0.161755
500000,Parallel,0.186049
500000,Built-in,0.188624
500000,Sequential,0.163955
500000,Parallel,0.181753
500000,Built-in,0.188167
500000,Sequential,0.16759
500000,Parallel,0.164432
500000,Built-in,0.186457
500000,Sequential,0.164599
500000,Parallel,0.173286
500000,Built-in,0.188694
500000,Sequential,0.162396
500000,Parallel,0.163571
500000,Built-in,0.195421
500000,Sequential,0.162218
500000,Parallel,0.169732
500000,Built-in,0.18666
500000,Sequential,0.173851
500000,Parallel,0.159845
500000,Built-in,0.18907
500000,Sequential,0.162825
500000,Parallel,0.161632
500000,Built-in,0.185393
500000,Sequential,0.163365
500000,Parallel,0.166655
500000,Built-in,0.197422
500000,Sequential,0.161583
500000,Parallel,0.198989
500000,Built-in,0.187519
500000,Sequential,0.162021
500000,Parallel,0.174672
500000,Built-in,0.184441
500000,Sequential,0.164855
500000,Parallel,0.18137
500000,Built-in,0.194756
500000,Sequential,0.163728
500000,Parallel,0.165019
500000,Built-in,0.187992
500000,Sequential,0.16046
500000,Parallel,0.156739
500000,Built-in,0.1835
500000,Sequential,0.164768
500000,Parallel,0.164941
500000,Built-in,0.189681
500000,Sequential,0.162412
500000,Parallel,0.160516
500000,Built-in,0.187444
500000,Sequential,0.161836
500000,Parallel,0.162411
500000,Built-in,0.189649
500000,Sequential,0.16137
500000,Parallel,0.183881
500000,Built-in,0.18905
500000,Sequential,0.16122
500000,Parallel,0.173304
500000,Built-in,0.187334
500000,Sequential,0.158958
500000,Parallel,0.163913
500000,Built-in,0.186381
500000,Sequential,0.173055
500000,Parallel,0.186545
500000,Built-in,0.187871
500000,Sequential,0.183127
500000,Parallel,0.166364
500000,Built-in,0.189504
500000,Sequential,0.162278
500000,Parallel,0.170849
500000,Built-in,0.189336
500000,Sequential,0.161674
500000,Parallel,0.160734
500000,Built-in,0.195084
500000,Sequential,0.159
500000,Parallel,0.164956
500000,Built-in,0.187816
500000,Sequential,0.172533
500000,Parallel,0.168988
500000,Built-in,0.187664
500000,Sequential,0.163857
500000,Parallel,0.178377
500000,Built-in,0.186296
500000,Sequential,0.169746
500000,Parallel,0.176148
500000,Built-in,0.192761
600000,Sequential,0.198754
600000,Parallel,0.207925
600000,Built-in,0.232705
600000,Sequential,0.213587
600000,Parallel,0.175447
600000,Built-in,0.226453
600000,Sequential,0.201588
600000,Parallel,0.199378
600000,Built-in,0.227343
600000,Sequential,0.200406
600000,Parallel,0.184847
600000,Built-in,0.226182
600000,Sequential,0.199955
600000,Parallel,0.199264
600000,Built-in,0.230042
600000,Sequential,0.197342
600000,Parallel,0.184214
600000,Built-in,0.226231
600000,Sequential,0.195537
600000,Parallel,0.208432
600000,Built-in,0.230615
600000,Sequential,0.196533
600000,Parallel,0.196606
600000,Built-in,0.227785
600000,Sequential,0.202018
600000,Parallel,0.213439
600000,Built-in,0.227443
600000,Sequential,0.203239
600000,Parallel,0.21011
600000,Built-in,0.227266
600000,Sequential,0.198556
600000,Parallel,0.189869
600000,Built-in,0.235777
600000,Sequential,0.203848
600000,Parallel,0.20905
600000,Built-in,0.222348
600000,Sequential,0.204228
600000,Parallel,0.185836
600000,Built-in,0.239454
600000,Sequential,0.196027
600000,Parallel,0.181426
600000,Built-in,0.238883
600000,Sequential,0.195987
600000,Parallel,0.195776
600000,Built-in,0.242886
600000,Sequential,0.19597
600000,Parallel,0.17415
600000,Built-in,0.228156
600000,Sequential,0.19799
600000,Parallel,0.191615
600000,Built-in,0.228871
600000,Sequential,0.195155
600000,Parallel,0.210395
600000,Built-in,0.252381
600000,Sequential,0.231787
600000,Parallel,0.213186
600000,Built-in,0.228217
600000,Sequential,0.217068
600000,Parallel,0.188845
600000,Built-in,0.232929
600000,Sequential,0.212453
600000,Parallel,0.200565
600000,Built-in,0.227078
600000,Sequential,0.216492
600000,Parallel,0.197164
600000,Built-in,0.227127
600000,Sequential,0.198136
600000,Parallel,0.196919
600000,Built-in,0.228302
600000,Sequential,0.198408
600000,Parallel,0.190733
600000,Built-in,0.229273
600000,Sequential,0.195497
600000,Parallel,0.18422
600000,Built-in,0.226367
600000,Sequential,0.19416
600000,Parallel,0.190529
600000,Built-in,0.23972
600000,Sequential,0.196151
600000,Parallel,0.210426
600000,Built-in,0.227918
600000,Sequential,0.200586
600000,Parallel,0.178385
600000,Built-in,0.230418
600000,Sequential,0.199969
600000,Parallel,0.191249
600000,Built-in,0.228609
600000,Sequential,0.20109
600000,Parallel,0.17952
600000,Built-in,0.226318
600000,Sequential,0.201514
600000,Parallel,0.186512
600000,Built-in,0.229193
600000,Sequential,0.196734
600000,Parallel,0.19537
600000,Built-in,0.227664
600000,Sequential,0.2009
600000,Parallel,0.189669
600000,Built-in,0.227784
600000,Sequential,0.200779
600000,Parallel,0.190029
600000,Built-in,0.225348
600000,Sequential,0.195995
600000,Parallel,0.189955
600000,Built-in,0.241659
600000,Sequential,0.19958
600000,Parallel,0.19808
600000,Built-in,0.224346
600000,Sequential,0.195528
600000,Parallel,0.187485
600000,Built-in,0.242834
600000,Sequential,0.198823
600000,Parallel,0.189174
600000,Built-in,0.236357
600000,Sequential,0.198669
600000,Parallel,0.187412
600000,Built-in,0.229265
600000,Sequential,0.196799
600000,Parallel,0.186291
600000,Built-in,0.248153
600000,Sequential,0.198619
600000,Parallel,0.197649
600000,Built-in,0.232126
600000,Sequential,0.195305
600000,Parallel,0.214144
600000,Built-in,0.225403
600000,Sequential,0.197791
600000,Parallel,0.192146
600000,Built-in,0.231569
600000,Sequential,0.190376
600000,Parallel,0.192809
600000,Built-in,0.226742
600000,Sequential,0.201209
600000,Parallel,0.197306
600000,Built-in,0.237136
600000,Sequential,0.203198
600000,Parallel,0.195564
600000,Built-in,0.229339
600000,Sequential,0.192903
600000,Parallel,0.196292
600000,Built-in,0.229128
600000,Sequential,0.198909
600000,Parallel,0.208017
600000,Built-in,0.228441
600000,Sequential,0.197445
600000,Parallel,0.195237
600000,Built-in,0.225282
600000,Sequential,0.191888
600000,Parallel,0.198892
600000,Built-in,0.228172
700000,Sequential,0.230681
700000,Parallel,0.208624
700000,Built-in,0.265412
700000,Sequential,0.225222
700000,Parallel,0.208069
700000,Built-in,0.26616
700000,Sequential,0.223291
700000,Parallel,0.22187
700000,Built-in,0.286317
700000,Sequential,0.233873
700000,Parallel,0.215278
700000,Built-in,0.267305
700000,Sequential,0.236623
700000,Parallel,0.220853
700000,Built-in,0.269827
700000,Sequential,0.229668
700000,Parallel,0.219607
700000,Built-in,0.272018
700000,Sequential,0.240603
700000,Parallel,0.209833
700000,Built-in,0.272043
700000,Sequential,0.248304
700000,Parallel,0.228678
700000,Built-in,0.268635
700000,Sequential,0.232538
700000,Parallel,0.227085
700000,Built-in,0.274494
700000,Sequential,0.22963
700000,Parallel,0.224678
700000,Built-in,0.269473
700000,Sequential,0.226888
700000,Parallel,0.200775
700000,Built-in,0.264994
700000,Sequential,0.246995
700000,Parallel,0.21461
700000,Built-in,0.270503
700000,Sequential,0.252342
700000,Parallel,0.209172
700000,Built-in,0.273361
700000,Sequential,0.235031
700000,Parallel,0.224224
700000,Built-in,0.273514
700000,Sequential,0.231353
700000,Parallel,0.235083
700000,Built-in,0.267248
700000,Sequential,0.240718
700000,Parallel,0.215935
700000,Built-in,0.275521
700000,Sequential,0.237635
700000,Parallel,0.215815
700000,Built-in,0.271504
700000,Sequential,0.247476
700000,Parallel,0.242545
700000,Built-in,0.272671
700000,Sequential,0.246691
700000,Parallel,0.203876
700000,Built-in,0.267416
700000,Sequential,0.245393
700000,Parallel,0.205733
700000,Built-in,0.272601
700000,Sequential,0.2348
700000,Parallel,0.207323
700000,Built-in,0.272768
700000,Sequential,0.23553
700000,Parallel,0.22098
700000,Built-in,0.269632
700000,Sequential,0.238144
700000,Parallel,0.209524
700000,Built-in,0.270148
700000,Sequential,0.229326
700000,Parallel,0.222665
700000,Built-in,0.269081
700000,Sequential,0.241258
700000,Parallel,0.224768
700000,Built-in,0.268776
700000,Sequential,0.230864
700000,Parallel,0.220594
700000,Built-in,0.269705
700000,Sequential,0.234985
700000,Parallel,0.222677
700000,Built-in,0.266321
700000,Sequential,0.249714
700000,Parallel,0.20673
700000,Built-in,0.278866
700000,Sequential,0.237561
700000,Parallel,0.22723
700000,Built-in,0.293049
700000,Sequential,0.245151
700000,Parallel,0.222435
700000,Built-in,0.270681
700000,Sequential,0.23621
700000,Parallel,0.213709
700000,Built-in,0.267521
700000,Sequential,0.233177
700000,Parallel,0.213922
700000,Built-in,0.269667
700000,Sequential,0.228997
700000,Parallel,0.219566
700000,Built-in,0.265887
700000,Sequential,0.226785
700000,Parallel,0.214552
700000,Built-in,0.266521
700000,Sequential,0.225841
700000,Parallel,0.21027
700000,Built-in,0.268014
700000,Sequential,0.235136
700000,Parallel,0.209994
700000,Built-in,0.266872
700000,Sequential,0.23277
700000,Parallel,0.240085
700000,Built-in,0.270916
700000,Sequential,0.246979
700000,Parallel,0.205859
700000,Built-in,0.267564
700000,Sequential,0.241205
700000,Parallel,0.223956
700000,Built-in,0.271579
700000,Sequential,0.238331
700000,Parallel,0.211518
700000,Built-in,0.270118
700000,Sequential,0.235347
700000,Parallel,0.217401
700000,Built-in,0.268689
700000,Sequential,0.228685
700000,Parallel,0.23192
700000,Built-in,0.275299
700000,Sequential,0.230718
700000,Parallel,0.208749
700000,Built-in,0.273307
700000,Sequential,0.234763
700000,Parallel,0.22042
700000,Built-in,0.267354
700000,Sequential,0.225858
700000,Parallel,0.184799
700000,Built-in,0.267004
700000,Sequential,0.228083
700000,Parallel,0.202782
700000,Built-in,0.292069
700000,Sequential,0.241343
700000,Parallel,0.205734
700000,Built-in,0.264496
700000,Sequential,0.225175
700000,Parallel,0.185675
700000,Built-in,0.268687
700000,Sequential,0.22696
700000,Parallel,0.204537
700000,Built-in,0.265848
700000,Sequential,0.22669
700000,Parallel,0.209503
700000,Built-in,0.273436
800000,Sequential,0.266348
800000,Parallel,0.237211
800000,Built-in,0.309266
800000,Sequential,0.266574
800000,Parallel,0.230978
800000,Built-in,0.306538
800000,Sequential,0.280661
800000,Parallel,0.240391
800000,Built-in,0.325897
800000,Sequential,0.262783
800000,Parallel,0.226877
800000,Built-in,0.320896
800000,Sequential,0.265443
800000,Parallel,0.244484
800000,Built-in,0.322004
800000,Sequential,0.275646
800000,Parallel,0.22861
800000,Built-in,0.314415
800000,Sequential,0.276728
800000,Parallel,0.227708
800000,Built-in,0.312116
800000,Sequential,0.279735
800000,Parallel,0.241872
800000,Built-in,0.3113
800000,Sequential,0.268212
800000,Parallel,0.238533
800000,Built-in,0.307744
800000,Sequential,0.281443
800000,Parallel,0.254116
800000,Built-in,0.306998
800000,Sequential,0.263288
800000,Parallel,0.227433
800000,Built-in,0.30753
800000,Sequential,0.271677
800000,Parallel,0.232281
800000,Built-in,0.30789
800000,Sequential,0.267163
800000,Parallel,0.220531
800000,Built-in,0.307609
800000,Sequential,0.263319
800000,Parallel,0.247652
800000,Built-in,0.343128
800000,Sequential,0.272818
800000,Parallel,0.24757
800000,Built-in,0.315916
800000,Sequential,0.270646
800000,Parallel,0.233997
800000,Built-in,0.329641
800000,Sequential,0.264522
800000,Parallel,0.259057
800000,Built-in,0.314877
800000,Sequential,0.284267
800000,Parallel,0.244357
800000,Built-in,0.311965
800000,Sequential,0.270087
800000,Parallel,0.247043
800000,Built-in,0.313895
800000,Sequential,0.273103
800000,Parallel,0.249335
800000,Built-in,0.311242
800000,Sequential,0.270847
800000,Parallel,0.237782
800000,Built-in,0.310912
800000,Sequential,0.267486
800000,Parallel,0.248725
800000,Built-in,0.319584
800000,Sequential,0.267483
800000,Parallel,0.253921
800000,Built-in,0.31746
800000,Sequential,0.263014
800000,Parallel,0.243006
800000,Built-in,0.316345
800000,Sequential,0.270056
800000,Parallel,0.23142
800000,Built-in,0.312912
800000,Sequential,0.281293
800000,Parallel,0.272726
800000,Built-in,0.319782
800000,Sequential,0.265216
800000,Parallel,0.220752
800000,Built-in,0.312204
800000,Sequential,0.273235
800000,Parallel,0.228134
800000,Built-in,0.312904
800000,Sequential,0.27244
800000,Parallel,0.258881
800000,Built-in,0.321586
800000,Sequential,0.271471
800000,Parallel,0.224271
800000,Built-in,0.307852
800000,Sequential,0.270207
800000,Parallel,0.245584
800000,Built-in,0.30909
800000,Sequential,0.269645
800000,Parallel,0.229279
800000,Built-in,0.329682
800000,Sequential,0.274124
800000,Parallel,0.265396
800000,Built-in,0.319139
800000,Sequential,0.2863
800000,Parallel,0.236709
800000,Built-in,0.316989
800000,Sequential,0.266629
800000,Parallel,0.216999
800000,Built-in,0.307726
800000,Sequential,0.274689
800000,Parallel,0.235821
800000,Built-in,0.312999
800000,Sequential,0.312548
800000,Parallel,0.275471
800000,Built-in,0.325131
800000,Sequential,0.273712
800000,Parallel,0.286991
800000,Built-in,0.331435
800000,Sequential,0.266222
800000,Parallel,0.270091
800000,Built-in,0.325808
800000,Sequential,0.263767
800000,Parallel,0.243799
800000,Built-in,0.313645
800000,Sequential,0.28348
800000,Parallel,0.262565
800000,Built-in,0.310354
800000,Sequential,0.266833
800000,Parallel,0.240079
800000,Built-in,0.31099
800000,Sequential,0.276302
800000,Parallel,0.236667
800000,Built-in,0.31281
800000,Sequential,0.272121
800000,Parallel,0.230779
800000,Built-in,0.310863
800000,Sequential,0.270335
800000,Parallel,0.208744
800000,Built-in,0.336423
800000,Sequential,0.268436
800000,Parallel,0.25088
800000,Built-in,0.31127
800000,Sequential,0.28811
800000,Parallel,0.288425
800000,Built-in,0.341374
800000,Sequential,0.284836
800000,Parallel,0.262127
800000,Built-in,0.324449
800000,Sequential,0.274639
800000,Parallel,0.235297
800000,Built-in,0.316474
800000,Sequential,0.271572
800000,Parallel,0.228868
800000,Built-in,0.314189
